State,Total_Clicks,Total_Revenue,MA_RPC_Weighted,MA_RPC_Low,MA_RPC_High,Allstate_Price_20pct,Allstate_Price_25pct,Allstate_Price_30pct
TX,1088.0,13471.45,9.76,4.7,11.12,11.72,12.2,12.69
FL,998.0,9895.220000000001,9.41,7.02,10.57,11.29,11.76,12.23
TN,315.0,2188.15,6.81,6.29,6.88,8.17,8.51,8.85
GA,252.0,2608.25,8.82,6.4,10.27,10.58,11.02,11.47
AL,235.0,1376.53,5.62,5.19,8.12,6.75,7.03,7.31
UT,194.0,3159.4400000000005,16.08,4.7,19.25,19.29,20.1,20.9
OH,178.0,2261.1400000000003,9.2,3.76,10.5,11.05,11.51,11.97
KY,146.0,1255.7,7.85,6.38,8.37,9.41,9.81,10.2
IL,138.0,1226.76,8.5,6.81,9.42,10.2,10.62,11.05
VA,127.0,1828.07,12.48,8.0,13.92,14.97,15.59,16.22
PA,117.0,1495.67,8.87,5.19,10.11,10.65,11.09,11.53
MI,114.0,835.8199999999999,5.72,4.31,6.38,6.87,7.15,7.44
MS,113.0,754.25,6.43,6.05,6.93,7.71,8.04,8.36
LA,107.0,801.19,6.91,6.34,7.5,8.3,8.64,8.99
WA,105.0,985.57,8.85,3.36,10.64,10.62,11.07,11.51
AZ,104.0,792.67,6.24,4.49,6.91,7.48,7.79,8.11
CT,92.0,646.4300000000001,6.85,5.33,8.55,8.22,8.56,8.9
MO,90.0,713.87,6.87,4.06,7.65,8.24,8.58,8.93
SC,78.0,722.11,8.66,5.36,9.8,10.39,10.83,11.26
NC,76.0,728.47,9.11,7.91,10.12,10.94,11.39,11.85
MD,75.0,857.97,8.71,5.86,9.68,10.46,10.89,11.33
AR,73.0,577.55,7.13,7.03,7.2,8.55,8.91,9.26
WI,71.0,648.0899999999999,8.59,2.98,10.12,10.31,10.74,11.17
IN,57.0,679.22,9.25,4.52,9.96,11.1,11.56,12.02
WV,50.0,313.65,6.18,4.51,8.05,7.42,7.72,8.03
OK,47.0,319.76,6.32,3.33,7.3,7.58,7.9,8.21
HI,44.0,346.59000000000003,7.88,7.32,8.68,9.45,9.85,10.24
OR,43.0,334.63,7.39,2.05,8.44,8.87,9.24,9.61
CA,38.0,2431.73,0.94,0.94,0.94,1.13,1.17,1.22
MN,31.0,180.45,4.48,3.04,5.27,5.38,5.6,5.82
RI,30.0,176.36,5.4,4.04,6.19,6.48,6.75,7.02
KS,30.0,250.29999999999998,7.19,5.37,8.4,8.63,8.99,9.35
NV,29.0,530.96,3.29,2.7,3.84,3.95,4.11,4.28
CO,24.0,666.38,6.08,5.7,6.36,7.3,7.6,7.91
DE,21.0,167.4,7.8,7.58,7.88,9.36,9.75,10.14
ID,20.0,215.5,10.43,4.6,12.7,12.51,13.04,13.56
ME,16.0,100.19999999999999,5.88,5.69,6.07,7.06,7.35,7.65
IA,14.0,87.06,4.84,3.49,6.92,5.81,6.05,6.29
NJ,12.0,42.03,2.95,2.54,3.16,3.55,3.69,3.84
NE,11.0,83.63,6.63,5.91,7.28,7.96,8.29,8.62
NH,10.0,50.98,5.1,5.1,5.1,6.12,6.37,6.63
DC,8.0,46.72,5.84,5.84,5.84,7.01,7.3,7.59
MA,8.0,43.55,2.77,2.77,2.77,3.33,3.46,3.6
ND,7.0,66.49000000000001,8.51,7.8,12.79,10.21,10.64,11.06
NM,7.0,52.0,5.08,4.05,5.48,6.09,6.34,6.6
AK,6.0,83.72,6.9,6.9,6.9,8.28,8.62,8.97
SD,4.0,20.23,5.06,5.06,5.06,6.07,6.32,6.57
MT,3.0,46.07,14.51,13.64,14.95,17.42,18.14,18.87
VT,2.0,6.62,3.31,3.31,3.31,3.98,4.14,4.31
WY,2.0,40.81999999999999,1.98,1.98,1.98,2.37,2.47,2.57
